"Country.name","var26","var27","var28","var29","var30","var31","var32","var33","var34","var35","var36","var37","var38","var39","var40","var41","var42","var43","var44","var45","var46","var47","var48","var49","var50","var51","var52","var53","var54","var55","var56","var57","var58"
"Afghanistan",118.6145,44.41709,6,39.34104,NA,NA,NA,NA,NA,NA,NA,NA,NA,59.6,14249753,14935754,228.971,271.299,64.3,60.4,68,NA,NA,NA,42.73500061,NA,NA,NA,NA,-2305927358,NA,47787706704,48785945914
"Albania",93.20702,19.70208,5,47.56496,NA,NA,NA,NA,NA,NA,NA,NA,NA,NA,1445588,1467433,55.689,106.184,11.9,10.8,12.9,NA,NA,NA,45.69300079,63.9715004,NA,NA,NA,1280162003,3.96625223,28046641296,28919418569
"Algeria",118.978,23.32803,5,47.33514,NA,NA,NA,NA,NA,NA,NA,NA,NA,NA,17816093,18161362,91.882,116.385,23.5,22,25,NA,NA,NA,14.37899971,68.86000061,NA,NA,NA,78107439572,5.8,4.553e+11,4.6481e+11
"American Samoa",NA,NA,6,NA,NA,NA,NA,NA,NA,NA,NA,NA,NA,NA,NA,NA,NA,NA,NA,NA,NA,NA,NA,NA,NA,NA,NA,NA,NA,NA,NA,NA,NA
"Andorra",NA,9.64018,6,48.15663,NA,NA,NA,NA,NA,NA,NA,NA,NA,NA,NA,NA,NA,NA,3.9,3.6,4.3,NA,NA,NA,NA,NA,NA,NA,NA,NA,NA,NA,NA
"Angola",117.6542,45.58651,6,44.73841,NA,NA,NA,NA,NA,NA,NA,NA,NA,NA,11806969,11549277,233.617,306.825,76,68.5,83,NA,NA,NA,75.30699921,79.02999878,NA,NA,NA,39519762337,5.060170832,1.45516e+11,1.48556e+11
"Antigua and Barbuda",117.2039,15.0656,7,47.33428,NA,NA,NA,NA,NA,NA,NA,NA,NA,NA,45911,42117,113.97,161.646,7.7,6.9,8.4,NA,NA,NA,NA,NA,NA,NA,NA,NA,NA,1772427693,1809452002
"Argentina",117.7034,NA,6,48.79207,NA,NA,NA,NA,NA,NA,NA,NA,NA,NA,20941910,19846543,86.893,161.318,12.9,11.5,14.2,98.92807,98.98532,98.95497,47.83300018,73.8660965,NA,NA,NA,87276430429,5.452175706,7.556e+11,7.71384e+11
"Armenia",97.65404,NA,3,46.8115,16.8,14.60000038,18.79999924,2,1.5,2.5,20.8,19.89999962,21.70000076,99.1,1530966,1346353,83.191,189.182,16.5,14.6,18.3,NA,NA,NA,49.5870018,72.30000305,NA,NA,NA,456710570.2,3.929315858,18891551957,19286178300
"Aruba",114.5293,16.82253,6,48.90444,NA,NA,NA,NA,NA,NA,NA,NA,NA,NA,53202,48467,76.722,123.598,NA,NA,NA,96.71978,96.94053,96.82264,NA,68.91999817,NA,NA,NA,296089385.5,NA,3429584867,3501225595
"Australia",105.71,NA,7,48.59299,NA,NA,NA,NA,NA,NA,NA,NA,NA,NA,11013858,11017892,45.704,78.634,4,3.6,4.4,NA,NA,NA,58.70600128,72.36119843,NA,NA,NA,2.95952e+11,1.733367226,8.66385e+11,9.14973e+11
"Austria",100.422,11.02831,4,48.42035,NA,NA,NA,NA,NA,NA,NA,NA,NA,NA,4287444,4075960,48.689,100.315,3.6,3.2,3.9,NA,NA,NA,53.50699997,67.09739685,NA,NA,NA,1.01914e+11,0.014015121,3.51314e+11,3.62438e+11
"Azerbaijan",94.22297,11.04222,4,46.44202,NA,NA,NA,NA,NA,NA,NA,NA,NA,NA,4568408,4485924,89.375,182.472,32.8,29.6,35.7,99.69263,99.85444,99.77114,60.22299957,NA,NA,NA,NA,26322287280,-9.802650809,1.43819e+11,1.46824e+11
"Bahamas, The",89.86001,14.1453,6,49.55705,NA,NA,NA,NA,NA,NA,NA,NA,NA,NA,182932,172010,126.411,209.197,10.5,9.7,11.3,NA,NA,NA,68.74299622,NA,NA,NA,NA,2604760000,-0.292797047,10328477564,10544229522
"Bahrain",NA,NA,6,NA,NA,NA,NA,NA,NA,NA,NA,NA,NA,NA,466811,774049,63.193,79.231,7.3,7.1,7.5,89.01044,92.14544,90.9774,43.76300049,87.33000183,NA,NA,NA,11799494681,3.672920918,49312543171,50342634748
"Bangladesh",102.8255,42.97476,5,50.50598,NA,NA,NA,NA,NA,NA,NA,NA,NA,52.8,72559740,75015690,123.372,159.417,38.9,36.2,41.4,NA,NA,NA,29.88299942,81.61579895,NA,NA,NA,23989603516,6.825888997,3.64054e+11,3.71659e+11
"Barbados",98.83342,13.00746,6,49.15045,NA,NA,NA,NA,NA,NA,NA,NA,NA,NA,146745,135386,80.64,132.75,13.5,12.2,14.7,NA,NA,NA,63.49200058,71.80000305,NA,NA,NA,308417550,NA,4560642301,4655909730
"Belarus",104.4738,14.96616,4,48.60898,NA,NA,NA,NA,NA,NA,NA,NA,NA,NA,5078305,4412278,112.143,334.194,4.2,3.7,4.7,NA,NA,NA,57.54000092,NA,NA,NA,NA,17655756965,3.120093904,1.51165e+11,1.54323e+11
"Belgium",102.0411,11.03429,6,48.86418,NA,NA,NA,NA,NA,NA,NA,NA,NA,NA,5544815,5350771,59.259,102.029,3.6,3.2,4,NA,NA,NA,47.48899841,60.7947998,NA,NA,NA,1.19417e+11,0.371651996,4.34046e+11,4.44402e+11
"Belize",114.7918,22.24335,6,48.67616,NA,NA,NA,NA,NA,NA,NA,NA,NA,NA,161137,161327,137.038,226.13,16.2,14.6,17.7,NA,NA,NA,51.93799973,NA,NA,NA,NA,185351599,3.843309782,2436281402,2487172976
"Benin",126.9367,46.3918,6,46.46604,NA,NA,NA,NA,NA,NA,NA,NA,NA,NA,4630423,4568836,231.638,278.869,70.8,64.5,76.8,NA,NA,NA,69.22399902,76.08000183,NA,NA,NA,677655340.8,0.905936777,16389062381,16731414124
"Bermuda",NA,7.35691,6,NA,NA,NA,NA,NA,NA,NA,NA,NA,NA,NA,NA,NA,NA,NA,NA,NA,NA,NA,NA,NA,NA,87,NA,NA,NA,1692537000,NA,3597519762,3672668488
"Bhutan",107.0136,25.89606,7,49.88629,7.6,7.599999905,7.5,2,1.899999976,2.200000048,33.6,33.70000076,33.59999847,97.3,325419,360084,231.151,223.534,34.2,31.2,37.1,NA,NA,NA,64.55699921,72.80999756,NA,NA,NA,529925556.3,7.549744173,4575638487,4671219173
"Bolivia",104.0466,NA,6,48.67999,NA,NA,NA,NA,NA,NA,NA,NA,NA,NA,4992484,5056106,169.011,232.066,32.6,29.3,35.7,NA,NA,NA,62.01900101,NA,NA,NA,NA,4690426839,3.068710776,52535187415,53632596929
"Bosnia and Herzegovina",NA,NA,5,48.8592,NA,NA,NA,NA,NA,NA,NA,NA,NA,NA,1885938,1819534,69.581,136.382,6.2,5.6,6.8,NA,NA,NA,37.06399918,55.95660019,NA,NA,NA,-1353850477,1.696930354,34637208991,36196880047
"Botswana",NA,NA,7,NA,NA,NA,NA,NA,NA,NA,NA,NA,NA,NA,1015241,971864,300.88,423.03,38.4,34.8,42,NA,NA,NA,53.54600143,66.33000183,NA,NA,NA,3976298987,3.733775583,25761527575,26299661097
"Brazil",NA,22.16609,4,47.23665,NA,NA,NA,NA,NA,NA,NA,NA,NA,NA,99177367,96536268,102.251,207.604,16.7,14.6,18.7,90.6817,90.05618,90.37918,53.57600021,NA,NA,NA,NA,4.58569e+11,3.9206646,2.80269e+12,2.86124e+12
"British Virgin Islands",NA,13.22727,7,48.57857,NA,NA,NA,NA,NA,NA,NA,NA,NA,NA,NA,NA,NA,NA,NA,NA,NA,NA,NA,NA,NA,NA,NA,NA,NA,NA,NA,NA,NA
"Brunei Darussalam",106.7675,11.34882,6,48.29809,NA,NA,NA,NA,NA,NA,NA,NA,NA,NA,187921,200725,76.142,107.749,8,7.4,8.6,NA,NA,NA,56.9280014,NA,NA,NA,NA,8654198753,3.712914836,30667228516,31307837411
"Bulgaria",108.4952,17.49009,4,48.47584,NA,NA,NA,NA,NA,NA,NA,NA,NA,NA,3794289,3601310,88.309,197.081,9,7.9,10,NA,NA,NA,47.69800186,59.43600082,NA,NA,NA,10218762691,2.125444178,1.10447e+11,1.13029e+11
"Burkina Faso",81.61769,52.39988,6,46.77202,2.8,2.900000095,2.700000048,5.9,5.5,6.199999809,35.1,32.79999924,37.40000153,94.3,7867595,7737622,265.826,296.047,65.2,59.9,70.3,NA,NA,NA,59.7179985,NA,NA,NA,NA,1483266940,26.67075429,21757622183,22212117975
"Burundi",137.9514,50.6021,6,49.67006,2.9,2.599999905,3.099999905,1.4,1.5,1.299999952,57.5,53.09999847,61.70000076,98.9,4387753,4287849,292.259,347.666,59.2,53,65.1,NA,NA,NA,80.34999847,NA,NA,NA,NA,-59737072.15,15.34456807,6235280686,6365529700
"Cabo Verde",115.165,23.64041,6,47.94472,NA,NA,NA,NA,NA,NA,NA,NA,NA,NA,246583,246071,111.383,155.338,21.1,19,23,NA,NA,NA,58.69400024,NA,NA,NA,NA,308723182.4,1.991326011,2868103402,2928015322
"Cambodia",127.3753,48.44957,6,47.78671,1.9,1.899999976,1.899999976,2.8,3.099999905,2.5,40.9,39.40000153,42.29999924,89.1,7340159,6972053,164.488,224.738,37.7,33.3,41.8,NA,NA,NA,81.84100342,88.59100342,NA,NA,NA,1389935401,12.5,35361241662,36099903974
"Cameroon",115.9688,45.79474,6,46.00207,NA,NA,NA,NA,NA,NA,NA,NA,NA,NA,10187447,10153794,345.146,379.897,67.1,60.9,73,64.7995,78.32769,71.29051,70.58100128,82.30000305,NA,NA,NA,4817282046,6.96279104,57312925777,58510137648
"Canada",98.39224,NA,6,48.75546,NA,NA,NA,NA,NA,NA,NA,NA,NA,NA,17133868,16871021,52.65,85.388,4.9,4.5,5.3,NA,NA,NA,61.85800171,71.56359863,NA,NA,NA,3.44352e+11,2.250810627,1.36062e+12,1.38392e+12
"Cayman Islands",NA,NA,6,NA,NA,NA,NA,NA,NA,NA,NA,NA,NA,NA,NA,NA,NA,NA,NA,NA,NA,NA,NA,NA,NA,86.33000183,NA,NA,NA,NA,NA,3522652352,3596237170
"Central African Republic",101.1559,84.32027,6,41.8763,1.8,1.700000048,2,1.9,1.600000024,2.200000048,40.7,37.90000153,43.59999847,68.2,2215126,2171642,463.91,484.22,101.4,93.3,108.9,24.35549,50.71271,36.75261,65.66300201,NA,NA,NA,NA,215626043.6,3.797983222,4221351630,4309531604
"Chad",94.63835,62.20393,6,42.01653,2.8,3,2.599999905,5.9,5,6.800000191,38.7,37.09999847,40.40000153,53.2,5990242,5961894,363.194,401.149,84.9,77.3,92.1,NA,NA,NA,64.08799744,NA,NA,NA,NA,2960663621,0.716483219,22416915464,22885183257
"Channel Islands",NA,NA,NA,NA,NA,NA,NA,NA,NA,NA,NA,NA,NA,NA,81044,78690,45.985,67.517,NA,NA,NA,NA,NA,NA,50.30799866,NA,NA,NA,NA,NA,NA,NA,NA
"Chile",105.2214,23.41154,6,48.36477,NA,NA,NA,NA,NA,NA,NA,NA,NA,NA,8665533,8397003,70.405,120.986,7.4,6.8,8,NA,NA,NA,47.05699921,72.30319977,NA,NA,NA,64613894608,3.749025346,3.09886e+11,3.30386e+11
"China",99.77054,16.84376,6,46.23675,6.6,5.599999905,7.5,0.7,0.600000024,0.800000012,9.4,8.899999619,9.899999619,94.1,650275748,687429252,74.593,111.281,13.6,12.6,14.5,92.71123,97.47946,95.12448,63.77700043,78.16000366,NA,NA,NA,3.14788e+12,NA,1.24457e+13,1.27056e+13
"Colombia",121.31,28.13107,5,48.50103,4.8,4.199999809,5.400000095,0.2,0.100000001,0.200000003,12.7,11.60000038,13.69999981,97,23063042,22159658,94.752,200.607,15.8,13.9,17.6,93.48679,93.25019,93.37233,56.46699905,80.99160004,NA,NA,NA,55867102214,5.22545423,4.85364e+11,4.95503e+11
"Comoros",NA,NA,6,NA,NA,NA,NA,NA,NA,NA,NA,NA,NA,NA,342067,347625,217.968,268.538,63.8,58,69.3,NA,NA,NA,35.09400177,NA,NA,NA,NA,-19025031.09,0.599999813,1639079857,1673318658
"Congo, Dem. Rep.",106.8906,37.0131,6,46.28127,4.9,4.699999809,5.099999905,2.8,2.599999905,3,43.5,39.70000076,47.5,87.3,32422237,32141617,257.971,307.113,84.3,77,91.3,NA,NA,NA,63.92300034,NA,NA,NA,NA,4368362378,63.58185743,41727321542,42598965138
"Congo, Rep.",112.1883,49.14568,6,48.32809,NA,NA,NA,NA,NA,NA,NA,NA,NA,NA,2147324,2126407,292.894,323.236,43.3,39,47.3,NA,NA,NA,67.43399811,NA,NA,NA,NA,6117405008,6.736827076,22285382189,22750902379
"Costa Rica",118.0183,17.8517,6,48.37777,NA,NA,NA,NA,NA,NA,NA,NA,NA,NA,2284599,2292779,63.716,120.44,8.7,7.9,9.5,NA,NA,NA,46.64400101,75.4095993,NA,NA,NA,6649540227,4.118147577,57879556279,59088604516
"Cote d'Ivoire",NA,NA,6,NA,NA,NA,NA,NA,NA,NA,NA,NA,NA,NA,10106433,10426517,403.948,436.395,75.3,66.5,83.7,NA,NA,NA,48.16600037,NA,NA,NA,NA,5161764023,4.106450123,53761811464,54884843974
"Croatia",91.91022,14.25609,4,48.67305,NA,NA,NA,NA,NA,NA,NA,NA,NA,100,2226588,2068839,60.66,142.24,4.7,4.3,5,NA,NA,NA,46.19300079,59.66419983,NA,NA,NA,11610185522,-0.539034944,84884015854,89071094135
"Cuba",102.6321,9.12865,6,48.09275,NA,NA,NA,NA,NA,NA,NA,NA,NA,100,5642214,5583618,74.922,114.85,4.7,4.2,5.2,NA,NA,NA,42.26399994,68.30020142,NA,NA,NA,9.599e+09,2.253743105,NA,NA
"Curacao",NA,NA,6,NA,NA,NA,NA,NA,NA,NA,NA,NA,NA,NA,80376,68327,70.661,148.917,NA,NA,NA,NA,NA,NA,NA,NA,NA,NA,NA,NA,NA,4098135279,4183741381
"Cyprus",101.6154,13.75307,6,48.58045,NA,NA,NA,NA,NA,NA,NA,NA,NA,NA,557032,555580,38.109,76.716,2.9,2.7,3.1,NA,NA,NA,57.6269989,71.38189697,NA,NA,NA,4035853109,0.65201066,27720950116,28232519829
"Czech Republic",104.0067,18.70713,5,48.52716,NA,NA,NA,NA,NA,NA,NA,NA,NA,NA,5333376,5141034,60.281,135.428,2.7,2.4,3,NA,NA,NA,49.23199844,68.04399872,NA,NA,NA,62688728025,0.453634797,2.898e+11,2.9698e+11
"Denmark",99.48323,NA,6,48.83474,NA,NA,NA,NA,NA,NA,NA,NA,NA,NA,2794956,2752727,63.005,104.849,3.5,3.1,3.8,NA,NA,NA,59.79899979,69.07790375,NA,NA,NA,80569405813,1.603960245,2.38548e+11,2.44089e+11
"Djibouti",NA,NA,5,NA,NA,NA,NA,NA,NA,NA,NA,NA,NA,NA,393104,447094,249.306,295.183,62.4,57.1,67.4,NA,NA,NA,51.31200027,NA,NA,NA,NA,NA,NA,NA,NA
"Dominica",103.6151,16.01969,7,48.93094,NA,NA,NA,NA,NA,NA,NA,NA,NA,NA,NA,NA,NA,NA,19.1,17.6,20.5,NA,NA,NA,NA,NA,NA,NA,NA,NA,NA,713604580.4,728511093.5
"Dominican Republic",117.3496,25.53138,6,45.98293,NA,NA,NA,NA,NA,NA,NA,NA,NA,NA,4829195,4865926,125.992,212.865,28.2,25.5,30.8,89.6973,89.37704,89.53873,41.62400055,72.14859772,NA,NA,NA,8473033850,4.881440516,1.07935e+11,1.1019e+11
"Ecuador",112.947,21.98396,6,48.98238,NA,NA,NA,NA,NA,NA,NA,NA,NA,NA,7490762,7520355,93.17,174.406,15.7,13.7,17.6,90.47011,93.31687,91.85404,49.88199997,78.05269623,NA,NA,NA,16362195000,4.388420455,1.36816e+11,1.39674e+11
"Egypt, Arab Rep.",103.746,27.73437,6,47.85334,NA,NA,NA,NA,NA,NA,NA,NA,NA,NA,40955020,41806215,122.203,198.319,24.2,22.7,25.7,63.51581,80.26865,72.04785,22.63299942,74.87789917,NA,NA,NA,31220521007,4.505494502,8.12243e+11,8.2921e+11
"El Salvador",117.575,NA,6,47.79776,NA,NA,NA,NA,NA,NA,NA,NA,NA,NA,3257397,2926478,112.281,278.597,16.5,14.7,18.1,82.30802,87.0997,84.49272,45.92599869,78.32920074,NA,NA,NA,-548250000,2.310581919,38045640052,38840376864
"Equatorial Guinea",69.8234,27.16736,6,49.10241,NA,7.900000095,11.60000038,NA,2.299999952,1.100000024,NA,22.20000076,30.29999924,NA,430239,513400,308.53,351.039,79.6,72.4,86.2,90.67608,97.184,94.37054,54.09199905,NA,NA,NA,NA,10578559069,12.65716266,31418133531,32074428109
"Eritrea",90.20843,37.95899,5,45.1778,1.9,2.099999905,1.600000024,4.2,3.5,5,50.3,49.59999847,51.20000076,88.5,1586364,1584071,253.632,325.122,39.2,33.5,44.7,NA,NA,NA,73.54799652,NA,NA,NA,NA,-195976299.2,30.11993437,6091784108,6219035616
"Estonia",103.7813,11.72345,6,48.27222,NA,NA,NA,NA,NA,NA,NA,NA,NA,NA,711411,620064,67.753,203.039,3.6,3.2,3.9,NA,NA,NA,55.02299881,66.95310211,NA,NA,NA,5488396670,-0.730248614,29021641433,30616858213
"Eswatini",130.9631,32.3244,7,47.54246,10.7,11.19999981,10.10000038,0.4,0.600000024,0.100000001,31,28.10000038,34.09999847,96.8,562653,502184,440.212,575.398,59.3,53.1,65,82.44755,83.90015,83.09829,37.54399872,NA,NA,NA,NA,201270038.8,-0.591065936,8596974011,8776556526
"Ethiopia",95.21583,54.05852,6,47.47313,NA,NA,NA,NA,NA,NA,NA,NA,NA,NA,43912484,43727480,242.618,290.016,54.8,47.3,62,NA,NA,NA,73.81199646,NA,NA,NA,NA,NA,NA,92250410884,94177433201
"Faroe Islands",NA,NA,NA,NA,NA,NA,NA,NA,NA,NA,NA,NA,NA,NA,NA,NA,NA,NA,NA,NA,NA,NA,NA,NA,NA,NA,NA,NA,NA,358226205.1,NA,NA,NA
"Fiji",NA,NA,6,NA,NA,NA,NA,NA,NA,NA,NA,NA,NA,NA,420874,438944,148.514,245.086,20.2,18.5,21.9,NA,NA,NA,43.10400009,NA,NA,NA,NA,NA,NA,6193061290,6322428382
"Finland",99.80251,14.03056,6,48.74431,NA,NA,NA,NA,NA,NA,NA,NA,NA,NA,2731215,2632137,53.674,120.426,2.5,2.3,2.7,NA,NA,NA,56.02600098,64.13939667,NA,NA,NA,59015029347,-0.194844531,2.08921e+11,2.14994e+11
"France",103.3655,17.76643,5,48.52751,NA,NA,NA,NA,NA,NA,NA,NA,NA,NA,33528501,31499006,53.661,115.675,3.5,3.2,3.9,NA,NA,NA,50.92300034,62.03699875,NA,NA,NA,5.45832e+11,1.280690491,2.33449e+12,2.39398e+12
"French Polynesia",NA,NA,NA,NA,NA,NA,NA,NA,NA,NA,NA,NA,NA,NA,130052,136403,82.5,140.189,NA,NA,NA,NA,NA,NA,48.20000076,NA,NA,NA,NA,NA,NA,NA,NA
"Gabon",NA,NA,6,NA,NA,NA,NA,NA,NA,NA,NA,NA,NA,NA,802427,821713,269.404,283.415,42.2,37.2,46.9,NA,NA,NA,39.88899994,58.15999985,NA,NA,NA,8022203628,8.166203219,24671359664,25186720628
"Gambia, The",78.75122,37.48167,6,50.28535,1.9,1.5,2.400000095,2.1,1.899999976,2.299999952,23.4,21.29999924,25.39999962,98.1,903277,889919,248.045,301.885,47.2,42.4,51.7,NA,NA,NA,50.25799942,NA,NA,NA,NA,-53201967.01,9.249263984,4455498813,4548569896
"Georgia",102.6589,NA,6,47.06731,NA,NA,NA,NA,NA,NA,NA,NA,NA,97.6,1982528,1804167,89.626,251.91,12.7,11,14.2,NA,NA,NA,56.02399826,76.97389984,NA,NA,NA,432755428.4,NA,27057905585,27623119197
"Germany",103.2822,12.68383,4,48.63413,NA,NA,NA,NA,NA,NA,NA,NA,NA,NA,41692491,40084439,53.275,101.933,3.5,3.1,3.8,NA,NA,NA,52.78900146,66.06659698,NA,NA,NA,8.60232e+11,1.418050806,3.18517e+12,3.28607e+12
"Ghana",NA,NA,6,NA,NA,NA,NA,NA,NA,NA,NA,NA,NA,NA,12246230,12533389,240.439,277.907,47.5,42.5,52.1,65.29469,78.34891,71.49707,66.54699707,72.80000305,NA,NA,NA,-219816072.7,17.42267767,73457473695,74991929637
"Gibraltar",NA,NA,6,NA,NA,NA,NA,NA,NA,NA,NA,NA,NA,NA,NA,NA,NA,NA,NA,NA,NA,NA,NA,NA,NA,NA,NA,NA,NA,NA,NA,NA,NA
"Greece",99.63336,NA,6,48.53751,NA,NA,NA,NA,NA,NA,NA,NA,NA,NA,5657982,5463359,45.041,104.64,3.3,3,3.5,NA,NA,NA,44.74900055,63.55680084,NA,NA,NA,25216882452,-4.16788591,3.13048e+11,3.19473e+11
"Greenland",NA,NA,NA,NA,NA,NA,NA,NA,NA,NA,NA,NA,NA,NA,NA,NA,NA,NA,NA,NA,NA,NA,NA,NA,NA,75.91647339,NA,NA,NA,250155580.4,-2.472734806,NA,NA
"Grenada",119.0851,16.05523,7,47.98361,NA,NA,NA,NA,NA,NA,NA,NA,NA,NA,52563,53670,106.121,196.69,12.6,11.5,13.6,NA,NA,NA,NA,NA,NA,NA,NA,NA,NA,1146146724,1170088626
"Guam",NA,NA,NA,NA,NA,NA,NA,NA,NA,NA,NA,NA,NA,NA,78418,81026,52.481,89.614,NA,NA,NA,NA,NA,NA,54.72299957,66.09999847,NA,NA,NA,NA,NA,NA,NA
"Guatemala",116.6463,26.86718,6,48.49939,NA,NA,NA,NA,NA,NA,NA,NA,NA,NA,7444182,7186235,125.029,230.167,28.8,25.6,31.8,NA,NA,NA,40.52600098,80.81469727,NA,NA,NA,1419578955,7.79263137,96219404214,98229334982
"Guinea",92.34329,42.18615,6,44.75541,NA,NA,NA,NA,NA,NA,NA,NA,NA,NA,5333707,4858469,275.2,306.4,74.2,68.4,79.6,12.19195,36.78979,25.30774,63.24399948,NA,NA,NA,NA,511353705.5,53.48560756,16637568510,16985111307
"Guinea-Bissau",122.9298,51.92515,6,48.33985,3.2,3.099999905,3.400000095,0.9,0.899999976,1,32.2,29.89999962,34.40000153,92.6,784553,738046,262.69,312.55,72.3,64.9,79.3,NA,NA,NA,66.05899811,NA,NA,NA,NA,-80939997.21,12.47413703,2134215532,2178797241
"Guyana",97.93681,24.61945,6,48.77218,NA,NA,NA,NA,NA,NA,NA,NA,NA,NA,377480,371956,176.41,256.887,30.6,26.4,34.5,NA,NA,NA,37.1590004,NA,NA,NA,NA,-55707297.05,NA,4276432279,4365762834
"Haiti",NA,NA,6,NA,NA,NA,NA,NA,NA,NA,NA,NA,NA,NA,5041825,4907497,231.035,293.377,85.6,79.6,91.3,NA,NA,NA,60.11399841,70.83000183,NA,NA,NA,-1589397315,NA,14712423151,15019751514
"Honduras",100.6344,NA,6,49.01169,NA,NA,NA,NA,NA,NA,NA,NA,NA,NA,4168825,4148645,127.292,180.532,20,17.7,22.2,84.72503,84.78901,84.75536,44.51699829,82.50800323,NA,NA,NA,626575143.8,-1.015857586,31877081471,32542963029
"Hong Kong SAR, China",NA,15.16485,6,47.86042,NA,NA,NA,NA,NA,NA,NA,NA,NA,NA,3720452,3303748,38.216,73.205,NA,NA,NA,NA,NA,NA,51.39300156,68.51000214,NA,NA,NA,68054239819,3.352269119,3.31004e+11,3.37918e+11
"Hungary",101.1743,10.57857,4,48.41289,NA,NA,NA,NA,NA,NA,NA,NA,NA,NA,5255083,4744940,94.911,218.943,5.1,4.7,5.4,NA,NA,NA,43.77600098,57.84280014,NA,NA,NA,33963756297,-0.189648299,2.15699e+11,2.24217e+11
"Iceland",98.99003,NA,7,49.28301,NA,NA,NA,NA,NA,NA,NA,NA,NA,NA,157818,160223,36.334,70.548,2,1.9,2.2,NA,NA,NA,70.63400269,83.93000031,NA,NA,NA,3254203202,-3.330487789,12587099510,12765128021
"India",107.6827,NA,5,47.78125,NA,NA,NA,NA,NA,NA,NA,NA,NA,NA,592116985,642164185,157.929,225.258,45.1,45.9,44.4,NA,NA,NA,25.82900047,79.71440125,NA,NA,NA,5.74192e+11,5.221886565,5.38166e+12,5.49407e+12
"Indonesia",107.4381,19.0117,6,49.52885,12.3,13,11.69999981,5.4,5.099999905,5.699999809,39.2,37.59999847,40.79999924,92.7,120013716,121820499,154.894,213.184,28.1,25,31.1,NA,NA,NA,51.12200165,82.32720184,NA,NA,NA,2.62598e+11,0.323960659,2.00348e+12,2.04533e+12
"Iran, Islamic Rep.",101.6997,NA,5,48.49235,NA,NA,NA,NA,NA,NA,NA,NA,NA,96.9,36582329,37180190,76.814,131.23,16.9,15.9,17.7,NA,NA,NA,15.9460001,68.79000092,NA,NA,NA,2.25384e+11,-3.188382519,1.31058e+12,1.33795e+12
"Iraq",NA,NA,6,NA,NA,NA,NA,NA,NA,NA,NA,NA,NA,NA,14719558,15022418,135.99,215.885,28.6,25.8,31.2,NA,NA,NA,12.06299973,NA,NA,NA,NA,50749997863,NA,3.83223e+11,3.91228e+11
"Ireland",103.1935,15.80376,8,48.81102,NA,NA,NA,NA,NA,NA,NA,NA,NA,NA,2294319,2265836,50.78,86.762,3.5,3.2,3.8,NA,NA,NA,55.52799988,70.18180084,NA,NA,NA,74705605476,-4.475655318,1.97432e+11,2.04738e+11
"Isle of Man",NA,NA,NA,NA,NA,NA,NA,NA,NA,NA,NA,NA,NA,84.90339709,NA,NA,NA,NA,NA,NA,NA,NA,NA,NA,NA,NA,NA,NA,NA,NA,NA,NA,NA
"Israel",105.2214,13.05877,6,48.78763,NA,NA,NA,NA,NA,NA,NA,NA,NA,NA,3858472,3765128,42.956,77.076,3.7,3.4,3.9,NA,NA,NA,57.02899933,69.33799744,NA,NA,NA,48415116095,2.768859975,2.20032e+11,2.2634e+11
"Italy",103.4733,NA,5,48.38446,NA,NA,NA,NA,NA,NA,NA,NA,NA,NA,30596015,28681402,40.179,73.032,3.4,3.1,3.7,NA,NA,NA,37.7840004,59.08309937,NA,NA,NA,3.99525e+11,0.686771582,2.08394e+12,2.15791e+12
"Jamaica",NA,NA,6,48.62157,4,4.800000191,3.299999952,NA,NA,NA,4.8,3.700000048,6,NA,1412950,1397510,105.783,174.132,15.7,13.7,17.6,NA,NA,NA,56.64799881,70.36660004,NA,NA,NA,258692762.6,0.184198935,22073282196,22534371821
"Japan",NA,17.77275,6,48.75134,1.5,1.100000024,1.899999976,0.2,0.200000003,0.300000012,7.1,6.5,7.599999905,NA,65426533,62643467,41.423,82.722,2.4,2.2,2.5,NA,NA,NA,48.72000122,71.59999847,NA,NA,NA,1.29723e+12,1.939305956,4.48078e+12,4.57847e+12
"Jordan",82.69271,NA,6,48.63635,NA,NA,NA,NA,NA,NA,NA,NA,NA,NA,3558031,3703508,98.4,132.986,17.4,15.7,18.9,89.20774,95.76724,92.55104,15.28899956,63.5,NA,NA,NA,2686746479,-7.40352349,67579431355,68991100649
"Kazakhstan",108.485,16.24776,4,48.88722,13.3,11.80000019,14.80000019,1.7,1.399999976,1.899999976,13.1,13,13.19999981,NA,8432713,7889159,137.893,336,18.1,15.4,20.6,99.73899,99.82968,99.78163,65.35900116,NA,NA,NA,NA,64855358149,2.7,3.21302e+11,3.28013e+11
"Kenya",NA,NA,6,NA,NA,NA,NA,NA,NA,NA,NA,NA,NA,85.8,21161838,20868838,245.325,318.03,38.6,34.7,42.2,NA,NA,NA,61.68199921,NA,NA,NA,NA,3470477022,3.650030411,1.00285e+11,1.0238e+11
"Kiribati",NA,NA,6,NA,NA,NA,NA,NA,NA,NA,NA,NA,NA,NA,52278,50649,166.838,247.719,49.4,44.3,54.3,NA,NA,NA,NA,66.76000214,NA,NA,NA,NA,NA,176628828.1,180318434.3
"Korea, Dem. Peopleâ€™s Rep.",NA,NA,4,NA,NA,NA,NA,NA,NA,NA,NA,NA,NA,NA,12554220,11994616,113.866,186.296,23.1,20.5,25.5,NA,NA,NA,74.90499878,NA,NA,NA,NA,NA,NA,NA,NA
"Korea, Rep.",101.6751,20.91797,6,47.71846,7.3,5.099999905,8.199999809,0.1,0.100000001,0.100000001,2.5,2.700000048,2.400000095,NA,24725241,24828871,42.825,104.285,3.5,3.3,3.8,NA,NA,NA,49.49000168,73,NA,NA,NA,3.85349e+11,3.848099572,1.50472e+12,1.50407e+12
"Kosovo",NA,NA,NA,NA,NA,NA,NA,NA,NA,NA,NA,NA,NA,NA,NA,NA,NA,NA,NA,NA,NA,NA,NA,NA,NA,NA,NA,NA,NA,-151703311.3,-2.94866038,13819895670,14108579992
"Kuwait",103.2454,8.37512,5,48.84271,7.8,7.900000095,7.699999809,0.6,0.400000006,0.800000012,4.1,3.599999905,4.5,NA,1262012,1729872,52.716,83.895,8.9,8.2,9.6,92.68094,95.54531,94.46901,53.6230011,87.23999786,NA,NA,NA,62300418702,NA,2.20855e+11,2.25468e+11
"Kyrgyz Republic",99.84388,24.28436,4,48.76648,NA,NA,NA,NA,NA,NA,NA,NA,NA,NA,2755569,2692331,123.804,273.822,26.1,23.1,29,NA,NA,NA,52.1570015,76.81999969,NA,NA,NA,-130531738.8,-0.93125903,14889542544,15200570760
"Lao PDR",128.8824,28.83207,5,47.18211,NA,NA,NA,NA,NA,NA,NA,NA,NA,71,3149735,3099430,195.219,238.84,51.7,45.8,57.2,NA,NA,NA,76.83699799,79.82319641,NA,NA,NA,962979177.1,-2.669525892,25812470914,26351668594
"Latvia",103.9329,11.8849,6,48.46822,NA,NA,NA,NA,NA,NA,NA,NA,NA,NA,1137044,960511,98.658,263.085,6.5,6,7,NA,NA,NA,53.85100174,65.03639984,NA,NA,NA,4402887525,-8.341321053,36890425463,38350206674
"Lebanon",NA,14.1419,6,48.36946,NA,NA,NA,NA,NA,NA,NA,NA,NA,NA,2437389,2515672,56.078,79.325,8.8,8.4,9.1,NA,NA,NA,22.03100014,NA,NA,NA,NA,294558247.6,-2.759781193,69893591748,71353601626
"Lesotho",127.4459,33.77485,7,49.08112,NA,NA,NA,NA,NA,NA,NA,NA,NA,NA,1025677,969904,508.157,588.836,77.4,69.8,84.6,NA,NA,NA,60.6590004,NA,NA,NA,NA,-682953071.7,3.312109671,4746616283,4845768530
"Liberia",NA,NA,6,NA,NA,NA,NA,0.2,NA,NA,41.8,NA,NA,NA,1942962,1948394,248.248,286.636,69.8,63.5,75.9,NA,NA,NA,53.56200027,60.74700165,NA,NA,NA,-1079742100,0,4198563170,4286267115
"Libya",NA,NA,6,NA,NA,NA,NA,NA,NA,NA,NA,NA,NA,NA,3033417,3164246,100.697,170.062,14.3,12.6,15.8,NA,NA,NA,22.45999908,NA,NA,NA,NA,NA,NA,1.79053e+11,1.82793e+11
"Liechtenstein",108.6066,6.13353,5,48.71795,NA,NA,NA,NA,NA,NA,NA,NA,NA,NA,NA,NA,NA,NA,NA,NA,NA,NA,NA,NA,NA,70.93000031,NA,NA,NA,NA,NA,NA,NA
"Lithuania",100.981,12.84839,4,48.30391,NA,NA,NA,NA,NA,NA,NA,NA,NA,NA,1671546,1425736,98.028,284.275,4.8,4.4,5.2,NA,NA,NA,52.54800034,61.99959946,NA,NA,NA,5959605700,-3.162737363,62066465032,65185601205
"Luxembourg",97.07609,9.29398,6,48.76517,NA,NA,NA,NA,NA,NA,NA,NA,NA,NA,255121,251832,53.958,94.074,2.4,2.2,2.6,NA,NA,NA,48.82500076,65.83059692,NA,NA,NA,27016130558,1.370403605,43402064573,46509538048
"Macao SAR, China",95.78309,16.05961,6,47.623,NA,NA,NA,NA,NA,NA,NA,NA,NA,NA,279894,258325,28.711,68.677,NA,NA,NA,NA,NA,NA,65.30599976,77.56999969,NA,NA,NA,19247581915,5.525507967,51643169184,52721945295
"Madagascar",145.027,40.14191,5,49.42927,NA,NA,NA,NA,NA,NA,NA,NA,NA,NA,10615345,10536295,218.323,267.488,46,41.5,50.3,NA,NA,NA,87.11799622,65,NA,NA,NA,1287895479,-5.152033369,33483810079,34183254652
"Malawi",137.3193,79.27172,6,50.44136,9.2,8.199999809,10.30000019,1.6,1.299999952,1.799999952,47.8,44.09999847,51.79999924,94.7,7385421,7154191,336.012,444.471,55.4,49.8,60.6,51.25197,72.09765,61.30972,73.11000061,NA,NA,NA,NA,748147356.5,-1.987397601,15346473086,15667046142
"Malaysia",99.33267,12.60115,6,48.70222,NA,NA,NA,NA,NA,NA,NA,NA,NA,NA,13657904,14550131,88.928,165.719,6.8,6.1,7.4,90.74768,95.43375,93.11789,43.45800018,NA,NA,NA,NA,1.00227e+11,2.759248902,5.81232e+11,5.93374e+11
"Maldives",NA,11.70072,7,47.78627,NA,NA,NA,NA,NA,NA,NA,NA,NA,NA,167031,198703,63.467,89.019,11.9,10.6,13.2,NA,NA,NA,44.08300018,NA,NA,NA,NA,NA,NA,4286595636,4376138494
"Mali",89.72994,50.39826,6,45.48931,1,NA,NA,1.9,NA,NA,27.8,NA,NA,33.3,7532330,7517023,276,295.666,77.2,70.7,83.4,20.28793,43.40063,31.09975,60.52199936,81.41999817,NA,NA,NA,1250992879,7.416497128,27642895641,28220329132
"Malta",101.5852,14.29348,6,48.95737,NA,NA,NA,NA,NA,NA,NA,NA,NA,NA,208775,205733,39.881,71.596,5.9,5.4,6.4,NA,NA,NA,34.08300018,66.99259949,NA,NA,NA,1986212382,1.595324593,11527097116,11745826415
"Marshall Islands",NA,NA,6,NA,NA,NA,NA,NA,NA,NA,NA,NA,NA,NA,NA,NA,NA,NA,31.7,27.9,35.3,NA,NA,NA,NA,NA,NA,NA,NA,-50030837.81,-0.651040179,183322966.6,187152407
"Mauritania",97.46147,37.15186,6,50.37816,NA,NA,NA,NA,NA,NA,NA,NA,NA,NA,1747255,1746940,189.2,234.8,61.9,55.3,68.2,NA,NA,NA,28.15800095,NA,NA,NA,NA,1247632714,9.993485967,11727781034,11972763095
"Mauritius",102.5275,21.46053,6,49.18591,NA,NA,NA,NA,NA,NA,NA,NA,NA,NA,630609,619791,99.578,203.255,13.3,11.7,14.7,NA,NA,NA,43.04600143,75.56130219,NA,NA,NA,1299554320,2.599654306,19521611695,19929399379
"Mexico",111.4043,28.14672,6,48.87262,NA,NA,NA,NA,NA,NA,NA,NA,NA,NA,58267178,55825785,84.834,150.524,14.9,13.4,16.4,91.85342,94.38394,93.06894,43.16199875,78.69760132,NA,NA,NA,2.42017e+11,2.283212455,1.74113e+12,1.84378e+12
"Micronesia, Fed. Sts.",NA,NA,6,NA,NA,NA,NA,NA,NA,NA,NA,NA,NA,NA,50673,52238,156.794,185.22,32.3,28.8,35.6,NA,NA,NA,NA,NA,NA,NA,NA,NA,NA,336075714.3,343096012.6
"Moldova",93.72455,15.41452,4,48.48757,NA,NA,NA,NA,NA,NA,NA,NA,NA,NA,1849508,1712537,120.88,273.355,14.8,13,16.4,NA,NA,NA,38.58399963,44.95090103,NA,NA,NA,-587768588.4,-6.147737958,16519042517,16864109420
"Monaco",NA,NA,5,50.71429,NA,NA,NA,NA,NA,NA,NA,NA,NA,NA,NA,NA,NA,NA,3.3,2.9,3.6,NA,NA,NA,NA,NA,NA,NA,NA,NA,NA,NA,NA
"Mongolia",127.1768,30.23907,5,48.97907,6.7,5.099999905,8.199999809,0.5,0.699999988,0.400000006,15.6,14.69999981,16.39999962,99,1370939,1348957,146.281,314.025,22,17.4,26.3,98.33663,98.1747,98.257,53.13399887,64.79429626,NA,NA,NA,2307456125,NA,20482866404,20910733774
"Montenegro",110.2547,NA,4,47.83348,NA,NA,NA,NA,NA,NA,NA,NA,NA,NA,313545,305883,82.022,147.104,5.8,5.4,6.1,NA,NA,NA,42.5890007,57.88430023,NA,NA,NA,-162323178.8,-0.354021513,8445898900,8693405170
"Morocco",112.9727,26.23715,6,47.24494,NA,NA,NA,NA,NA,NA,NA,NA,NA,NA,16396568,15946821,75.816,90.081,27.5,24.7,30.3,NA,NA,NA,25.56800079,74.72000122,NA,NA,NA,21712802357,0.919265715,2.07582e+11,2.11918e+11
"Mozambique",119.1757,58.48961,7,47.26723,NA,NA,NA,NA,NA,NA,NA,NA,NA,NA,12180278,11351296,348.482,415.685,72.3,67.5,76.8,NA,NA,NA,82.87400055,NA,NA,NA,NA,883046009.9,11.91521263,23784600916,24281438342
"Myanmar",98.59937,28.2163,5,49.51353,NA,NA,NA,NA,NA,NA,NA,NA,NA,83.1,26202314,24398504,178.967,238.266,48.5,43.3,53.5,NA,NA,NA,53.55599976,NA,NA,NA,NA,16198507552,NA,1.82822e+11,1.86641e+11
"Namibia",NA,NA,NA,NA,NA,NA,NA,NA,NA,NA,NA,NA,NA,NA,1094860,1024014,379.886,445.061,36.3,32.6,39.7,NA,NA,NA,52.88399887,NA,NA,NA,NA,1266478856,1.006501538,18010634844,18386859675
"Nauru",NA,NA,6,NA,NA,NA,NA,NA,NA,NA,NA,NA,NA,NA,NA,NA,NA,NA,31.7,28.2,35,NA,NA,NA,NA,NA,NA,NA,NA,NA,NA,64736887.98,66089179.28
"Nepal",139.3322,31.91867,5,50.07351,NA,NA,NA,NA,NA,NA,NA,NA,NA,NA,13716600,13296612,156.955,197.423,37.3,34.3,40.1,NA,NA,NA,79.31199646,NA,NA,NA,NA,1832528357,1.319132644,52569296797,53667418823
"Netherlands",108.4577,NA,6,48.57842,NA,NA,NA,NA,NA,NA,NA,NA,NA,NA,8364526,8250868,54.912,74.179,3.8,3.4,4.1,NA,NA,NA,58.24700165,71.16429901,NA,NA,NA,2.39633e+11,0.921548339,7.48363e+11,7.65999e+11
"New Caledonia",NA,NA,5,NA,NA,NA,NA,NA,NA,NA,NA,NA,NA,NA,123920,125830,66.101,116.957,NA,NA,NA,NA,NA,NA,58.11800003,NA,NA,NA,NA,NA,NA,NA,NA
"New Zealand",100.9528,14.4885,6,48.86052,NA,NA,NA,NA,NA,NA,NA,NA,NA,NA,2214443,2136257,54.4,85.44,5.1,4.5,5.6,NA,NA,NA,60.9659996,74.13690186,NA,NA,NA,32800756900,1.899695983,1.35973e+11,1.40235e+11
"Nicaragua",121.132,30.21638,6,48.47268,NA,NA,NA,NA,NA,NA,NA,NA,NA,NA,2954982,2869083,114.396,206.737,17.5,15.3,19.5,NA,NA,NA,47.06200027,NA,NA,NA,NA,473862636,2.188963551,22642727321,23115712107
"Niger",69.24528,38.61445,6,43.79942,NA,NA,NA,NA,NA,NA,NA,NA,NA,NA,8237013,8227012,253.062,281.462,62.1,56.9,67.1,NA,NA,NA,67.76000214,NA,NA,NA,NA,746804313.5,-7.479883467,13100141933,13373791292
"Nigeria",89.11822,37.55319,6,46.66385,NA,NA,NA,NA,NA,NA,NA,NA,NA,NA,78342009,80161188,359.82,392.538,84.1,76.2,91.7,NA,NA,NA,49.20199966,NA,NA,NA,NA,87181542313,17.84247064,7.89561e+11,8.06054e+11
"North Macedonia",88.02883,15.93884,5,48.39426,NA,NA,NA,NA,NA,NA,NA,NA,NA,NA,1035814,1034927,74.393,137.762,9,8.4,9.6,NA,NA,NA,42.7879982,68.57350159,NA,NA,NA,580139140.5,-3.623574018,23345237910,23513967031
"Northern Mariana Islands",NA,NA,NA,NA,NA,NA,NA,NA,NA,NA,NA,NA,NA,NA,NA,NA,NA,NA,NA,NA,NA,NA,NA,NA,NA,77.62999725,NA,NA,NA,NA,NA,NA,NA
"Norway",98.93186,NA,7,48.86806,NA,NA,NA,NA,NA,NA,NA,NA,NA,NA,2445123,2444129,50.116,79.608,2.6,2.3,2.9,NA,NA,NA,61.78099823,74.86840057,NA,NA,NA,1.57395e+11,2.193356015,2.83161e+11,3.04483e+11
"Oman",NA,NA,6,NA,NA,NA,NA,NA,NA,NA,NA,NA,NA,NA,1206887,1834547,75.76,121.47,10.1,9,11.1,81.80323,90.24303,86.939,27.03000069,NA,NA,NA,NA,29273557087,5.687494189,1.35066e+11,1.37887e+11
"Pakistan",90.99827,40.45158,5,43.99662,NA,NA,NA,NA,NA,NA,NA,NA,NA,NA,86997653,92426988,152.708,185.625,70.4,63.8,76.7,41.01553,68.90061,55.37519,21.73600006,78.79370117,NA,NA,NA,17660166500,-0.577049222,7.15663e+11,7.30613e+11
"Palau",NA,NA,5,NA,NA,NA,NA,NA,NA,NA,NA,NA,NA,90.3,NA,NA,NA,NA,21.3,18.8,23.7,NA,NA,NA,NA,NA,NA,NA,NA,-13654010.57,-1.467006729,240796314.1,245826317.4
"Panama",107.0098,23.45812,6,48.11164,NA,NA,NA,NA,NA,NA,NA,NA,NA,NA,1812453,1830234,84.128,159.185,17,15.1,18.8,93.48526,94.70741,94.09412,47.08800125,78.3859024,NA,NA,NA,8838900000,6.825558964,55773286771,56938337065
"Papua New Guinea",NA,NA,6,NA,13.8,NA,NA,6.5,NA,NA,49.5,NA,NA,NA,3590686,3719821,202.59,267.219,45.1,41.1,49,57.9,65.29,61.6,47.13499832,48.98199844,NA,NA,NA,NA,NA,22222378559,22686582664
"Paraguay",104.2964,NA,6,48.08165,NA,NA,NA,NA,NA,NA,NA,NA,NA,NA,3069989,3178031,131.067,171.761,21.9,19.7,24.1,92.92574,94.81315,93.87092,53.86600113,81.84200287,NA,NA,NA,7267033011,7.698172797,59614681860,60859975201
"Peru",109.7568,19.68166,6,49.0601,8.1,7,9.199999809,0.1,0.100000001,0.200000003,23.3,21.5,25.10000038,94.7,14553778,14473896,101.675,162.861,15.6,13.9,17.2,NA,NA,NA,72.03399658,81.54769897,NA,NA,NA,40924569042,3.900998167,2.86476e+11,2.9246e+11
"Philippines",NA,NA,6,NA,NA,NA,NA,NA,NA,NA,NA,NA,NA,NA,46569076,47397704,145.29,267.76,25,22.1,27.8,NA,NA,NA,48.49000168,74.98329926,NA,NA,NA,37378998856,3.996302639,5.13839e+11,5.24573e+11
"Poland",96.91512,9.31659,6,48.50548,NA,NA,NA,NA,NA,NA,NA,NA,NA,NA,19649359,18393435,71.02,187.605,5.1,4.7,5.6,NA,NA,NA,48.27199936,63.72919846,NA,NA,NA,92581832653,3.076601713,8.00737e+11,8.28216e+11
"Portugal",113.2424,10.82935,6,48.04973,NA,NA,NA,NA,NA,NA,NA,NA,NA,NA,5513209,5059891,50.999,121.293,3.1,2.8,3.4,NA,NA,NA,55.81600189,67.22119904,NA,NA,NA,32069494586,-1.412042837,2.8822e+11,2.87497e+11
"Puerto Rico",95.70136,11.65964,6,48.78097,NA,NA,NA,NA,NA,NA,NA,NA,NA,NA,1934347,1787178,67.989,161.768,NA,NA,NA,92.53015,91.33078,91.96523,35.56200027,51.29999924,NA,NA,NA,30755600000,-3.359228503,1.23666e+11,1.26249e+11
"Qatar",100.9234,12.03187,6,48.75624,NA,NA,NA,NA,NA,NA,NA,NA,NA,NA,437040,1419287,49.979,69.247,7.8,7.1,8.4,NA,NA,NA,51.13299942,95.97000122,NA,NA,NA,87392910742,12.29581362,2.18153e+11,2.2271e+11
"Romania",100.7696,16.1126,4,48.32648,NA,NA,NA,NA,NA,NA,NA,NA,NA,NA,10416095,9830776,86.199,201.342,9.7,8.6,10.8,NA,NA,NA,46.33000183,64.2111969,NA,NA,NA,34416532931,-1.639935047,3.43518e+11,3.53696e+11
"Russian Federation",NA,NA,4,NA,NA,NA,NA,NA,NA,NA,NA,NA,NA,NA,76600047,66249402,136.446,365.448,8.9,7.8,9.9,99.64778,99.72831,99.68427,55.92200089,73.83650208,NA,NA,NA,4.54228e+11,-1.499911881,2.927e+12,3.3321e+12
"Rwanda",146.3757,64.61867,6,50.744,7.1,7.099999905,7.099999905,1,0.699999988,1.200000048,44.3,41.09999847,47.40000153,98,5118459,4920879,221.926,271.344,43.9,39.9,47.8,61.54861,71.13054,65.85227,84.3710022,NA,NA,NA,NA,290075521.6,10.38872264,13884538855,14174573511
"Samoa",111.5079,30.23604,6,48.11636,NA,NA,NA,NA,NA,NA,NA,NA,NA,NA,89967,95982,95.78,162.335,16,14.4,17.5,NA,NA,NA,24.3010006,NA,NA,NA,NA,NA,NA,996867102.9,1017690697
"San Marino",106.3859,6.46311,5,50.34876,NA,NA,NA,NA,NA,NA,NA,NA,NA,NA,NA,NA,NA,NA,2.5,2.3,2.7,NA,NA,NA,NA,NA,NA,NA,NA,NA,NA,2250839447,2297857318
"Sao Tome and Principe",116.9793,NA,6,49.37273,NA,NA,NA,NA,NA,NA,NA,NA,NA,NA,90214,90157,170.985,224.989,33.4,29.6,37.1,NA,NA,NA,41.49700165,NA,NA,NA,NA,NA,NA,452226660.3,461673240.1
"Saudi Arabia",107.0527,11.15436,6,49.07939,NA,NA,NA,NA,NA,NA,NA,NA,NA,NA,11993974,15427487,84.85,104.216,10.4,9.7,11,NA,NA,NA,18.22200012,NA,NA,NA,NA,2.50983e+11,1.179304284,1.22022e+12,1.24571e+12
"Senegal",81.67583,33.65179,6,50.90681,NA,NA,NA,NA,NA,NA,NA,NA,NA,NA,6505832,6172316,182,241.8,42.6,38,47.1,NA,NA,NA,34.32099915,NA,NA,NA,NA,1105820619,NA,34470699912,35190759665
"Serbia",96.13257,16.35445,4,48.6377,15.6,14.69999981,16.60000038,0.8,0.800000012,0.699999988,6.6,7.199999809,5.900000095,99,3718022,3573414,85.682,169.857,6.6,5.8,7.3,NA,NA,NA,42.87900162,55.50299835,NA,NA,NA,2249950791,-0.065169948,93310870855,97462032802
"Seychelles",108.789,12.54703,6,49.74625,NA,NA,NA,NA,NA,NA,NA,NA,NA,NA,43453,46317,102.253,209.255,12.1,11.1,13.1,94.44898,93.46392,93.95423,NA,NA,NA,NA,NA,217603871.5,NA,1790769280,1828176727
"Sierra Leone",NA,NA,6,NA,10.3,10.60000038,9.899999619,4.2,3.400000095,5,44.9,42.29999924,47.5,93,3223030,3192604,420.331,429.875,108.3,101.7,114.4,NA,NA,NA,60.5,NA,NA,NA,NA,345359866.7,3.680039047,7591812782,7750398446
"Singapore",NA,NA,6,NA,NA,NA,NA,NA,NA,NA,NA,NA,NA,NA,2429972,2646760,43.006,74.486,2.2,2,2.4,93.77481,98.03714,95.85733,57.01499939,NA,NA,NA,NA,1.29427e+11,10.21817838,3.63321e+11,3.70911e+11
"Sint Maarten (Dutch part)",NA,NA,6,NA,NA,NA,NA,NA,NA,NA,NA,NA,NA,NA,NA,NA,NA,NA,NA,NA,NA,NA,NA,NA,NA,NA,NA,NA,NA,NA,NA,1137834078,1161602337
"Slovak Republic",101.8809,15.24042,4,48.54228,NA,NA,NA,NA,NA,NA,NA,NA,NA,NA,2776335,2615093,68.805,175.091,5.8,5.2,6.4,NA,NA,NA,50.63700104,67.82559967,NA,NA,NA,21250698992,1.367215401,1.35609e+11,1.36711e+11
"Slovenia",99.52186,17.01688,6,48.39404,NA,NA,NA,NA,NA,NA,NA,NA,NA,NA,1033502,1015081,51.815,120.569,2.6,2.4,2.8,NA,NA,NA,53.18500137,65.27770233,NA,NA,NA,11279271754,0.045756859,57001101025,58884400095
"Solomon Islands",116.0434,19.91627,6,47.62055,NA,NA,NA,NA,NA,NA,NA,NA,NA,NA,259675,268186,149.863,188.201,21.7,19.7,23.6,NA,NA,NA,63.31399918,NA,NA,NA,NA,NA,NA,967480307,987690039.7
"Somalia",NA,NA,6,NA,NA,NA,NA,NA,NA,NA,NA,NA,NA,NA,6027841,6016042,297.182,355.071,96.1,89.2,102.7,NA,NA,NA,17.56100082,NA,NA,NA,NA,NA,NA,NA,NA
"South Africa",106.7574,29.51018,7,48.63908,NA,NA,NA,NA,NA,NA,NA,NA,NA,NA,25947464,25269500,388.943,509.854,38.2,35.2,41.2,91.71399,94.14385,92.87732,44.72800064,60.56999969,NA,NA,NA,77891693438,2.965378346,6.00681e+11,6.13228e+11
"South Sudan",NA,NA,6,NA,6,5.900000095,6.099999905,9.9,8.100000381,11.69999981,31.1,28.89999962,33.09999847,40.3,4755869,4752495,342.323,370.229,69.7,64,74.9,NA,NA,NA,70.82299805,NA,NA,NA,NA,6168318208,27.84142988,31252775721,31905616133
"Spain",104.3549,12.40145,6,48.45301,NA,NA,NA,NA,NA,NA,NA,NA,NA,NA,23555788,23021109,40.911,88.989,3.2,2.9,3.4,97.0045,98.52571,97.7489,51.54299927,67.33799744,NA,NA,NA,3.02304e+11,1.519604692,1.47556e+12,1.50183e+12
"Sri Lanka",100.7442,23.91437,5,49.08764,NA,NA,NA,NA,NA,NA,NA,NA,NA,NA,10395424,9866313,66.69,173.616,10,9,10.9,89.95868,92.57847,91.18136,34.75899887,74.97709656,NA,NA,NA,13099809660,1.58777794,1.68758e+11,1.72283e+11
"St. Kitts and Nevis",116.4888,14.11964,7,49.40048,NA,NA,NA,NA,NA,NA,NA,NA,NA,NA,NA,NA,NA,NA,12,10.8,13.1,NA,NA,NA,NA,NA,NA,NA,NA,NA,NA,1178017232,1202624878
"St. Lucia",NA,18.53758,7,48.83232,NA,NA,NA,NA,NA,NA,NA,NA,NA,NA,88410,85675,115.55,174.587,16.4,14.7,18,NA,NA,NA,58.07099915,NA,NA,NA,NA,327229407.4,NA,1989532461,2031091879
"St. Martin (French part)",NA,NA,NA,NA,NA,NA,NA,NA,NA,NA,NA,NA,NA,NA,NA,NA,NA,NA,NA,NA,NA,NA,NA,NA,NA,NA,NA,NA,NA,NA,NA,NA,NA
"St. Vincent and the Grenadines",111.8928,16.27396,7,47.66193,NA,NA,NA,NA,NA,NA,NA,NA,NA,NA,53156,55099,135.408,188.185,18.5,16.7,20.2,NA,NA,NA,56.41600037,NA,NA,NA,NA,NA,NA,1061742586,1083921367
"Sudan",75.58553,NA,6,46.65303,1.5,NA,NA,4,NA,NA,34.1,NA,NA,74.3,17312731,17232282,210.42,270.074,50.9,45.2,56.3,NA,NA,NA,23.00699997,NA,NA,NA,NA,14834847875,5.163250713,1.46572e+11,1.49634e+11
"Suriname",114.2233,14.94652,6,48.0692,4,3,5,0.8,0.800000012,0.899999976,8.8,7.699999809,9.899999619,90.9,262606,266525,128.278,231.019,22,19.3,24.4,94.00354,95.36479,94.67575,39.25699997,76.94000244,NA,NA,NA,2216799009,NA,7323921720,7476911397
"Sweden",101.6973,9.53888,6,48.55878,NA,NA,NA,NA,NA,NA,NA,NA,NA,NA,4706949,4671177,43.121,71.863,2.5,2.3,2.7,NA,NA,NA,58.93700027,73.88420105,NA,NA,NA,1.39187e+11,1.316735494,3.95563e+11,4.08069e+11
"Switzerland",103.0783,NA,6,48.44429,NA,NA,NA,NA,NA,NA,NA,NA,NA,NA,3971919,3852990,42.675,71.146,3.9,3.6,4.3,NA,NA,NA,59.91899872,74.34290314,NA,NA,NA,2.01654e+11,1.056465859,4.1525e+11,4.37149e+11
"Syrian Arab Republic",118.8292,NA,4,47.91126,NA,NA,NA,NA,NA,NA,NA,NA,NA,NA,10577485,10785044,84.892,233.46,13.8,12.5,15.1,NA,NA,NA,13.18000031,72.18000031,NA,NA,NA,NA,NA,NA,NA
"Tajikistan",102.705,25.18145,4,48.13676,NA,NA,NA,NA,NA,NA,NA,NA,NA,NA,3729558,3797836,113.604,173.818,37.3,32.6,41.7,NA,NA,NA,29.50200081,NA,NA,NA,NA,-1256314227,1.17132983,15766419995,16095765337
"Tanzania",101.91,50.76274,7,50.07582,5.5,5,6,1.3,0.800000012,1.799999952,42.5,39.20000076,45.90000153,87.8,22227064,22119461,284.385,348.677,47.5,43.8,50.9,60.75262,75.4678,67.8007,83.90000153,NA,NA,NA,NA,7552757755,-9.738250051,93982693991,95945902035
"Thailand",97.43343,16.2581,6,48.36357,NA,NA,NA,NA,NA,NA,NA,NA,NA,NA,34263751,32931277,104.838,215.513,11.5,10.1,12.8,96.42705,96.43502,96.43091,63.84899902,79.9681015,NA,NA,NA,1.09234e+11,8.934241346,8.87869e+11,9.06416e+11
"Timor-Leste",126.0966,30.19877,6,47.88444,NA,NA,NA,NA,NA,NA,NA,NA,NA,84.4,540778,552745,146.054,182.219,52,47.6,56.1,52.959,63.59179,58.30898,26.46899986,55.95429993,NA,NA,NA,2459559600,2.115198695,9646197984,9847697777
"Togo",133.8587,40.57306,6,47.36343,1.6,1.200000048,1.899999976,1,0.5,1.5,29.8,27.79999924,31.60000038,71.6,3236044,3185635,284.195,316.599,58.6,52.5,64.3,NA,NA,NA,77.02200317,NA,NA,NA,NA,290069851.4,-16.00632108,7812030088,7975215880
"Tonga",109.3589,24.88626,6,47.151,NA,NA,NA,NA,NA,NA,NA,NA,NA,97.9,51853,52133,108.525,175.891,14.9,17,12.9,NA,NA,NA,45.33499908,NA,NA,NA,NA,-59246824.62,NA,508418596.7,519038972
"Trinidad and Tobago",108.0195,NA,7,48.45984,NA,NA,NA,NA,NA,NA,NA,NA,NA,NA,670388,657759,129.524,224.726,20.8,18.8,22.8,98.3,99.14,98.7,51.02500153,72.2559967,NA,NA,NA,NA,NA,40668093304,41517610641
"Tunisia",107.3946,17.11543,6,48.0089,NA,NA,NA,NA,NA,NA,NA,NA,NA,NA,5332211,5303033,74.428,122.281,15.8,14.2,17.2,71.08821,87.37573,79.13058,24.45999908,69.49079895,NA,NA,NA,9181151320,7.264328131,1.0877e+11,1.11042e+11
"Turkey",101.9927,NA,5,48.67974,NA,NA,NA,NA,NA,NA,NA,NA,NA,NA,36762744,35564244,78.574,153.723,14.9,14,15.7,88.07317,97.29981,92.6606,27.03300095,69.91719818,NA,NA,NA,1.69596e+11,1.741221523,1.26036e+12,1.29894e+12
"Turkmenistan",NA,NA,3,NA,NA,NA,NA,NA,NA,NA,NA,NA,NA,NA,2584698,2502515,140.792,260.71,50.2,43.3,56.8,NA,NA,NA,52.41899872,NA,NA,NA,NA,19834063684,NA,49544281468,50579213834
"Turks and Caicos Islands",NA,NA,6,NA,NA,NA,NA,NA,NA,NA,NA,NA,NA,NA,NA,NA,NA,NA,NA,NA,NA,NA,NA,NA,NA,NA,NA,NA,NA,NA,NA,NA,NA
"Tuvalu",NA,NA,6,NA,NA,NA,NA,NA,NA,NA,NA,NA,NA,NA,NA,NA,NA,NA,26.2,23.1,29,NA,NA,NA,NA,NA,NA,NA,NA,NA,NA,30806737.5,31450260.6
"Uganda",121.5499,48.576,7,50.09643,NA,NA,NA,NA,NA,NA,NA,NA,NA,NA,16513347,15914820,317.72,392.725,50.2,45.4,54.8,64.59145,82.63139,73.21188,65.8769989,NA,NA,NA,NA,2848383486,18.40584682,50358862771,51410810957
"Ukraine",98.54598,15.65789,4,48.79522,NA,NA,NA,NA,NA,NA,NA,NA,NA,NA,24697597,21173103,118.251,309.172,10.1,8.9,11.2,NA,NA,NA,48.40999985,NA,NA,NA,NA,22904758304,4.135792947,3.51571e+11,3.58915e+11
"United Arab Emirates",NA,16.83357,5,48.58966,NA,NA,NA,NA,NA,NA,NA,NA,NA,NA,2154029,6395959,61.349,87.243,7.3,6.4,8,NA,NA,NA,44.02899933,NA,NA,NA,NA,1.38197e+11,0.87248247,4.63667e+11,4.73353e+11
"United Kingdom",104.8321,17.52706,6,48.66789,NA,NA,NA,NA,NA,NA,NA,NA,NA,NA,31931743,30834622,57.445,91.112,4.4,3.9,4.8,NA,NA,NA,55.45299911,68.99980164,NA,NA,NA,3.48817e+11,0.410166279,2.28098e+12,2.31514e+12
"United States",100.8267,NA,6,48.65033,NA,NA,NA,NA,NA,NA,NA,NA,NA,NA,156559796,152766289,77.149,131.874,6.2,5.7,6.8,NA,NA,NA,57.5019989,71.18360138,NA,NA,NA,2.29607e+12,0.109780463,1.49921e+13,1.53052e+13
"Uruguay",114.6447,13.79403,6,48.15947,NA,NA,NA,NA,NA,NA,NA,NA,NA,NA,1740388,1618887,80.445,142.963,9.2,8.1,10.2,98.49095,97.61017,98.07271,55.33399963,74.82499695,NA,NA,NA,8215841721,3.107971912,56463651175,57643122517
"Uzbekistan",94.73593,17.76213,4,48.45301,NA,NA,NA,NA,NA,NA,NA,NA,NA,96.6,14357068,14205332,116.863,198.894,31.8,27.2,36.2,NA,NA,NA,52.73600006,74.59999847,NA,NA,NA,13833166349,NA,1.46703e+11,1.49768e+11
"Vanuatu",123.034,21.66442,6,47.34427,NA,NA,NA,NA,NA,NA,NA,NA,NA,NA,116281,119930,119.247,169.616,24.6,22.7,26.3,NA,NA,NA,61.24100113,NA,NA,NA,NA,143954231.8,4.294741352,682351771,696605442.9
"Venezuela, RB",104.1592,NA,6,48.19643,NA,NA,NA,NA,NA,NA,NA,NA,NA,NA,14250185,14189755,94.207,202.214,14.6,12.9,16.3,NA,NA,NA,50.61999893,78.38749695,NA,NA,NA,1.29343e+11,2.144001482,4.70441e+11,4.80268e+11
"Vietnam",108.0977,19.90175,5,47.26326,NA,3.799999952,5.5,3.8,1.399999976,1.700000048,29.3,23.20000076,23.39999962,NA,44221287,43746364,69.552,192.918,18.5,15.8,21,NA,NA,NA,71.30500031,81.04820251,NA,NA,NA,31818011628,12.28303247,3.82022e+11,3.90002e+11
"Virgin Islands (U.S.)",NA,NA,6,NA,NA,NA,NA,NA,NA,NA,NA,NA,NA,NA,56504,51854,49.897,84.51,NA,NA,NA,NA,NA,NA,57.86500168,NA,NA,NA,NA,NA,NA,NA,NA
"West Bank and Gaza",92.22027,27.80112,4,48.45805,5.3,4.599999905,6,1,1.100000024,1,10.9,10,11.89999962,98,1865191,1920970,102.549,141.223,19.8,18.2,21.4,92.1728,97.62902,94.93201,14.75500011,65.59929657,NA,NA,NA,-1942400000,5.494118369,14907024208,15218417600
"Yemen, Rep.",100.8875,30.81078,6,43.97531,NA,NA,NA,NA,NA,NA,NA,NA,NA,NA,11483269,11671586,212.045,258.094,43.6,39.6,47.4,NA,NA,NA,10.04899979,67.11000061,NA,NA,NA,NA,NA,1.03565e+11,1.05729e+11
"Zambia",106.6446,52.98507,7,50.10781,NA,NA,NA,NA,NA,NA,NA,NA,NA,NA,6887473,6718511,344.897,420.842,52.8,48.1,57.4,77.74664,88.68403,83.00767,71.05999756,65.59999847,NA,NA,NA,7301390423,NA,44488769320,45418096902
"Zimbabwe",NA,NA,7,NA,5.8,5,6.699999809,0.8,0.699999988,1,32.3,28.70000076,36,NA,6648701,6049022,484.444,533.732,53.1,47.2,58.8,NA,NA,NA,77.36199951,NA,NA,NA,NA,-611607600,54.45896823,23980497316,24481426830
"Arab World",99.77622,21.05971,NA,46.91553,NA,NA,NA,NA,NA,NA,NA,NA,NA,NA,171517983,183372059,123.3711603,171.5262495,31.81526068,29.05722075,34.45605129,61.65536,79.12104,70.76441,20.16902631,NA,NA,NA,NA,8.53065e+11,2.889357559,5.01381e+12,5.11854e+12
"Caribbean small states",99.99925,19.36811,NA,48.5902,NA,NA,NA,NA,NA,NA,NA,NA,NA,NA,3454278,3399034,121.9813505,200.5866268,18.74499253,16.52534955,20.84139156,92.69158,88.44793,90.60098,52.93271053,71.65967543,NA,NA,NA,NA,NA,99528602041,1.01608e+11
"Central Europe and the Baltics",99.50035,11.70739,NA,48.46409,NA,NA,NA,NA,NA,NA,NA,NA,NA,NA,54004628,50416819,76.74522929,188.9624868,6.006195428,5.420234942,6.608010723,98.57707,99.28923,98.91732,47.98868806,63.49523843,NA,NA,NA,2.93861e+11,0.849209543,2.16567e+12,2.23496e+12
"Early-demographic dividend",106.2851,29.92575,NA,48.10022,NA,NA,NA,NA,NA,NA,NA,NA,NA,NA,1425559335,1482728308,150.7272918,215.1158659,39.62349266,37.76229536,41.42723411,68.28954,82.096,75.28231,34.75961328,78.00008676,NA,NA,NA,2.48125e+12,2.755191948,2.01306e+13,2.06319e+13
"East Asia & Pacific",102.2814,18.40429,NA,47.36416,5.3,NA,NA,NA,NA,NA,16.2,NA,NA,NA,1086631477,1120048241,87.41287558,137.4165043,18.1,16.5,19.6,92.02332,96.49994,94.26817,60.38776992,77.81012546,NA,NA,NA,6.1145e+12,2.382153706,2.58325e+13,2.63761e+13
"East Asia & Pacific (excluding high income)",102.2992,18.41768,NA,47.27971,NA,NA,NA,NA,NA,NA,NA,NA,NA,NA,964791914,1001039415,92.52782206,142.6393396,19.11038821,17.2526601,20.8537833,92.35005,96.84487,94.60775,61.76217073,78.65516353,NA,NA,NA,3.73169e+12,NA,1.71535e+13,1.75118e+13
"East Asia & Pacific (IDA & IBRD countries)",102.3325,18.3924,NA,47.26592,NA,NA,NA,NA,NA,NA,NA,NA,NA,NA,952237694,989044799,92.26243828,142.1169808,19.06399017,17.21489447,20.79974913,92.25185,96.80793,94.54161,61.59052288,78.65516353,NA,NA,NA,3.72413e+12,NA,1.71208e+13,1.74785e+13
"Euro area",103.8382,12.94273,NA,48.51815,NA,NA,NA,NA,NA,NA,NA,NA,NA,NA,172117071,164034408,50.08190904,101.2655753,3.490674353,3.154541961,3.804773411,NA,NA,NA,49.54887931,64.34939284,NA,NA,NA,2.84128e+12,0.786443794,1.20237e+13,1.23556e+13
"Europe & Central Asia",101.7246,14.71334,NA,48.57447,NA,NA,NA,NA,NA,NA,NA,NA,NA,NA,458001254,428439939,81.87110951,183.551298,10.6,9.4,11.7,96.81904,98.40194,97.58114,49.78224371,67.3145575,NA,NA,NA,4.81592e+12,0.7041495,2.31671e+13,2.41332e+13
"Europe & Central Asia (excluding high income)",99.98387,18.19861,NA,48.60587,NA,NA,NA,NA,NA,NA,NA,NA,NA,NA,207539000,189468458,114.1157663,274.0393373,16.48469538,14.57428907,18.26504596,97.57649,99.27165,98.38939,48.73527987,70.7944232,NA,NA,NA,8.35221e+11,-0.296655683,6.10016e+12,6.59015e+12
"Europe & Central Asia (IDA & IBRD countries)",99.61731,16.64097,NA,48.59671,NA,NA,NA,NA,NA,NA,NA,NA,NA,NA,229414947,209930732,109.8680509,264.920982,15.70957264,13.90164964,17.40172241,97.64685,99.2756,98.42843,48.6681896,69.82142026,NA,NA,NA,9.39413e+11,0.185221556,6.98578e+12,7.50744e+12
"European Union",103.1224,13.07971,NA,48.53975,NA,NA,NA,NA,NA,NA,NA,NA,NA,NA,258225509,246073268,56.00563879,115.4717216,4.075122926,3.66933105,4.454083717,NA,NA,NA,50.12917106,64.93852526,NA,NA,NA,3.65534e+12,0.794050172,1.67839e+13,1.72281e+13
"Fragile and conflict affected situations",102.5562,32.24411,NA,45.79002,NA,NA,NA,NA,NA,NA,NA,NA,NA,NA,215019527,213140200,239.9060717,295.675281,62.62221498,57.07016056,67.90532449,52.67971,70.75907,61.55183,46.69340017,NA,NA,NA,NA,1.41866e+11,NA,1.63168e+12,1.66576e+12
"Heavily indebted poor countries (HIPC)",103.6057,42.29911,NA,47.41034,NA,NA,NA,NA,NA,NA,NA,NA,NA,NA,313631250,310588076,267.875138,318.8137343,62.44024856,56.61484248,67.9832789,46.18151,64.7001,55.25037,63.60982641,NA,NA,NA,NA,66149730157,6.789837905,1.14818e+12,1.17216e+12
"High income",102.2539,14.02249,NA,48.5905,5.8,NA,NA,NA,NA,NA,2.8,NA,NA,NA,583015713,574025218,59.27223059,110.9114003,5,4.6,5.5,NA,NA,NA,52.03662118,68.76071418,NA,NA,NA,9.7615e+12,0.986146986,4.52608e+13,4.63398e+13
"IBRD only",106.3706,23.04905,NA,47.62032,NA,NA,NA,NA,NA,NA,NA,NA,NA,NA,2179795100,2241979123,114.2695184,185.0060424,27.7178877,26.76142659,28.63859607,82.76252,90.84948,86.82038,47.18552323,77.58708157,NA,NA,NA,6.93801e+12,2.570390608,4.12014e+13,4.25181e+13
"IDA & IBRD total",104.7056,26.57106,NA,47.54916,NA,NA,NA,NA,NA,NA,NA,NA,NA,NA,2862956888,2928532464,138.0167271,203.46292,40.28840651,37.54841726,42.90424413,76.70705,86.62094,81.67029,47.7859882,77.53939336,NA,NA,NA,7.22296e+12,2.888618368,4.51451e+13,4.65455e+13
"IDA blend",94.37194,38.17689,NA,46.32793,NA,NA,NA,NA,NA,NA,NA,NA,NA,NA,228055537,234205088,244.6730969,285.7892995,69.71430023,63.04734623,76.09180741,53.39392,72.52365,63.029,41.41364821,NA,NA,NA,NA,1.42668e+11,9.903274757,1.93863e+12,1.97913e+12
"IDA only",104.5919,40.50759,NA,47.84414,NA,NA,NA,NA,NA,NA,NA,NA,NA,NA,455106251,452348253,221.7693823,272.6505389,57.25319582,51.97770479,62.26366385,51.4556,67.24059,59.22267,54.66989153,NA,NA,NA,NA,1.16305e+11,7.024910882,2.03953e+12,2.08213e+12
"IDA total",101.273,39.79504,NA,47.3944,NA,NA,NA,NA,NA,NA,NA,NA,NA,NA,683161788,686553341,229.4918509,277.1877828,61.50593875,55.75556732,66.98295179,52.1083,69.06563,60.52087,50.20474781,NA,NA,NA,NA,2.58063e+11,8.575753276,3.99365e+12,4.07707e+12
"Late-demographic dividend",103.5528,17.52474,NA,46.90468,NA,NA,NA,NA,NA,NA,NA,NA,NA,NA,1079273075,1102256288,83.85079632,150.4852584,14.08254021,12.74831207,15.31407261,92.82887,96.41892,94.61558,60.14383778,77.15490222,NA,NA,NA,5.20651e+12,NA,2.51699e+13,2.60738e+13
"Latin America & Caribbean",116.6574,23.06108,NA,48.26571,7.1,NA,NA,NA,NA,NA,12.2,NA,NA,NA,299226995,290767642,99.26055991,185.8189792,18.3,16.3,20.2,91.10951,92.25771,91.66744,50.9021599,NA,NA,NA,NA,1.19413e+12,3.600227155,7.93253e+12,8.17972e+12
"Latin America & Caribbean (excluding high income)",117.1995,23.28145,NA,48.26098,NA,NA,NA,NA,NA,NA,NA,NA,NA,NA,283838216,275958420,100.5283861,188.4531282,18.639139,16.62045393,20.57424398,90.1282,91.45419,90.77361,51.1182001,NA,NA,NA,NA,1.07069e+12,3.695113975,7.3044e+12,7.52421e+12
"Latin America & the Caribbean (IDA & IBRD countries)",116.9954,23.65661,NA,48.26441,NA,NA,NA,NA,NA,NA,NA,NA,NA,NA,291130675,282920802,99.98500444,187.5278404,18.48786518,16.48978301,20.40330599,90.90252,92.09297,91.48097,51.18524495,NA,NA,NA,NA,1.1473e+12,3.749296066,7.66674e+12,7.9072e+12
"Least developed countries: UN classification",105.3834,41.86114,NA,47.75305,NA,NA,NA,NA,NA,NA,NA,NA,NA,NA,420177912,416426418,224.7765788,272.9330337,59.3966642,53.99320579,64.52638394,49.22875,66.00942,57.47995,56.52716921,NA,NA,NA,NA,1.48194e+11,7.163290645,1.79494e+12,1.83244e+12
"Low & middle income",104.7029,26.70045,NA,47.54687,4.6,NA,NA,NA,NA,NA,29.4,NA,NA,NA,2848164440,2914977077,138.5921306,203.6380709,40.40190958,37.65204095,43.02666907,76.40839,86.4713,81.44956,47.88087149,77.67421093,NA,NA,NA,7.04313e+12,2.879097233,4.39856e+13,4.53363e+13
"Low income",107.4619,43.14874,NA,47.22963,3.3,NA,NA,NA,NA,NA,39.9,NA,NA,NA,290381474,286892537,246.8911708,301.4753204,61.5,55.9,66.8,47.51766,66.75691,56.9209,64.47882967,NA,NA,NA,NA,NA,NA,9.98126e+11,1.01898e+12
"Lower middle income",103.6599,31.96993,NA,47.85237,3.7,NA,NA,NA,NA,NA,37,NA,NA,NA,1316820354,1371616197,167.218638,233.02148,47.7,45.1,50.1,65.15442,80.16374,72.75541,36.25628597,79.30289967,NA,NA,NA,1.25087e+12,4.871529511,1.30072e+13,1.32789e+13
"Middle East & North Africa",106.8842,20.67443,NA,47.27571,10,NA,NA,NA,NA,NA,17.9,NA,NA,NA,186737665,199180221,99.75879487,149.9627298,22.6,20.8,24.3,68.75122,83.63441,76.49272,19.84523515,71.67536115,NA,NA,NA,1.11157e+12,1.87973668,6.39052e+12,6.52574e+12
"Middle East & North Africa (excluding high income)",107.1174,23.06935,NA,47.04634,NA,NA,NA,NA,NA,NA,NA,NA,NA,NA,165149665,167628159,103.6008447,162.3230825,24.25647087,22.33512272,26.0875586,66.54257,81.93309,74.27413,18.1876708,71.12318526,NA,NA,NA,4.69869e+11,0.810184802,3.88426e+12,3.9654e+12
"Middle East & North Africa (IDA & IBRD countries)",107.2983,23.0273,NA,47.03119,NA,NA,NA,NA,NA,NA,NA,NA,NA,NA,163284474,165707189,103.6111292,162.53345,24.3302584,22.40358957,26.16517234,66.28048,81.76913,74.06062,18.22043931,71.18407812,NA,NA,NA,4.72509e+11,0.729100294,3.86988e+12,3.95071e+12
"Middle income",104.2146,24.97538,NA,47.60435,4.8,NA,NA,NA,NA,NA,27.3,NA,NA,NA,2557782966,2628084540,128.693706,195.1515085,35.96603525,33.80874145,38.02952311,79.09369,88.21107,83.67154,46.41675003,77.80143167,NA,NA,NA,6.97306e+12,2.799620624,4.30284e+13,4.43575e+13
"North America",100.6236,13.83688,NA,48.65899,7.4,NA,NA,NA,NA,NA,2.6,NA,NA,NA,173693664,169637310,74.64934352,127.0939825,6.1,5.6,6.7,NA,NA,NA,57.94883914,71.22304752,NA,NA,NA,2.64212e+12,0.365227891,1.63563e+13,1.66928e+13
"Not classified",NA,NA,NA,NA,NA,NA,NA,NA,NA,NA,NA,NA,NA,NA,NA,NA,NA,NA,NA,NA,NA,NA,NA,NA,NA,NA,NA,NA,NA,NA,NA,NA,NA
"OECD members",103.4664,15.84508,NA,48.63092,NA,NA,NA,NA,NA,NA,NA,NA,NA,NA,632225256,610084329,62.28287563,116.7546066,6.969734158,6.367943046,7.575901525,NA,NA,NA,50.68364761,69.53370444,NA,NA,NA,9.13177e+12,0.958299074,4.37888e+13,4.4913e+13
"Other small states",110.5543,24.98201,NA,48.6879,NA,NA,NA,NA,NA,NA,NA,NA,NA,NA,12438538,13581175,224.5751221,251.7579906,45.80141636,41.30041647,50.03328522,78.37848,84.60373,81.66278,50.51988713,NA,NA,NA,NA,1.53767e+11,5.292915584,5.56269e+11,5.68778e+11
"Pacific island small states",111.2954,23.5053,NA,47.90357,NA,NA,NA,NA,NA,NA,NA,NA,NA,NA,1041601,1078062,140.93801,211.4690298,22.65289103,20.77143274,24.45395105,NA,NA,NA,48.77182881,NA,NA,NA,NA,NA,NA,10380546517,10597386145
"Post-demographic dividend",101.9778,14.27188,NA,48.57207,NA,NA,NA,NA,NA,NA,NA,NA,NA,NA,548101723,526767758,61.5336546,118.3510942,4.7655636,4.332570173,5.208122579,NA,NA,NA,52.65432825,68.6510619,NA,NA,NA,8.69538e+12,0.966810076,4.06013e+13,4.15545e+13
"Pre-demographic dividend",101.9452,39.70246,NA,46.90547,NA,NA,NA,NA,NA,NA,NA,NA,NA,NA,366485527,365383245,290.9533082,341.2785674,67.45476467,61.38342615,73.23164723,45.94763,65.50633,55.59765,57.45073442,NA,NA,NA,NA,2.63415e+11,10.60064298,2.33319e+12,2.38193e+12
"Small states",108.671,23.71606,NA,48.61539,NA,NA,NA,NA,NA,NA,NA,NA,NA,NA,16934417,18058271,197.3540632,239.799186,40.29976123,36.30912653,44.05537844,82.15936,85.83154,84.064,50.94823889,NA,NA,NA,NA,1.72022e+11,4.934676939,6.66142e+11,6.80946e+11
"South Asia",106.0211,37.15236,NA,47.48296,2.8,NA,NA,NA,NA,NA,41.5,NA,NA,NA,790528605,848264329,153.923645,215.0364077,48.5,47.6,49.2,55.7265,75.71617,66.01901,27.05026323,79.72855972,NA,NA,NA,6.30135e+11,4.636460826,6.73935e+12,6.88013e+12
"South Asia (IDA & IBRD)",106.0211,37.15236,NA,47.48296,NA,NA,NA,NA,NA,NA,NA,NA,NA,NA,790528605,848264329,153.923645,215.0364077,48.42691191,47.60733532,49.24548084,55.7265,75.71617,66.01901,27.05026323,79.72855972,NA,NA,NA,6.30135e+11,4.636460826,6.73935e+12,6.88013e+12
"Sub-Saharan Africa",101.1397,41.61294,NA,47.61007,3.9,NA,NA,NA,NA,NA,37.7,NA,NA,NA,436360493,432664613,301.9419748,356.1652672,65.4,59.2,71.4,51.04543,68.40511,59.56398,60.99674802,NA,NA,NA,NA,3.02701e+11,7.28108797,2.80289e+12,2.86144e+12
"Sub-Saharan Africa (excluding high income)",101.1393,41.61892,NA,47.60994,NA,NA,NA,NA,NA,NA,NA,NA,NA,NA,436317040,432618296,301.9670628,356.1864525,65.43300188,59.22211195,71.35420445,51.03948,68.40132,59.55902,60.99674802,NA,NA,NA,NA,3.0248e+11,7.28108797,2.8011e+12,2.85961e+12
"Sub-Saharan Africa (IDA & IBRD countries)",101.1397,41.61294,NA,47.61007,NA,NA,NA,NA,NA,NA,NA,NA,NA,NA,436360493,432664613,301.9419748,356.1652672,65.43035769,59.21972611,71.35131628,51.04543,68.40511,59.56398,60.99674802,NA,NA,NA,NA,3.02701e+11,7.28108797,2.80289e+12,2.86144e+12
"Upper middle income",105.052,18.78234,NA,47.23056,6.9,NA,NA,NA,NA,NA,10.1,NA,NA,NA,1240962612,1256468343,92.34938853,158.4949403,15.8,14.4,17,91.97018,95.87568,93.9115,55.67089024,76.41843071,NA,NA,NA,5.72321e+12,NA,3.00063e+13,3.10637e+13
"World",104.4358,24.31042,NA,47.66035,5.3,NA,NA,NA,NA,NA,26.1,NA,NA,NA,3431180153,3489002295,124.9932947,187.635428,37.1,34.7,39.3,79.88338,88.33816,84.1044,48.67792625,75.79957583,NA,NA,NA,1.67919e+13,1.340298738,8.91436e+13,9.15696e+13
